timestamp,open,high,low,close,volume,close_time,quote_asset_volume,number_of_trades,taker_buy_base_asset_volume,taker_buy_quote_asset_volume,ignore,date,body_pct,high_pct
1645444800000,1.0,18.9995,1.0,4.9785,9086783.49,1645448399999,46977168.06599400,153996,4531014.66000000,23592871.02044800,0,2022-02-21 12:00:00,397.85,1799.95
1645448400000,4.9794,9.3888,4.9756,7.3007,14808902.83,1645451999999,102551409.56263100,310530,7819358.66000000,53807489.33674300,0,2022-02-21 13:00:00,46.61806643370687,88.5528376912881
1645452000000,7.3012,8.59,7.2303,8.0114,8426033.36,1645455599999,67180446.00715100,212191,4329085.71000000,34581265.75732700,0,2022-02-21 14:00:00,9.72716813674465,17.651892839533232
1645466400000,6.5719,7.456,6.5577,7.1806,3240629.21,1645469999999,23010590.21635100,68008,1678018.97000000,11919723.92576700,0,2022-02-21 18:00:00,9.262161627535411,13.452730564981207
1645502400000,5.3375,6.6,5.2531,6.4891,1709803.64,1645505999999,10094088.93973400,28813,943619.07000000,5574619.39059400,0,2022-02-22 04:00:00,21.57564402810303,23.65339578454331
1645506000000,6.4879,7.8,6.0654,7.2202,3666328.04,1645509599999,25316986.30203500,72679,1908987.21000000,13205335.13837200,0,2022-02-22 05:00:00,11.287165338553313,20.22380122998197
1645563600000,4.531,5.1989,4.4212,5.1529,1777678.56,1645567199999,8712138.04063500,20517,1029970.38000000,5044426.38961700,0,2022-02-22 21:00:00,13.72544692120945,14.740675347605395
1645621200000,4.9793,5.5329,4.963,5.1985,2383956.55,1645624799999,12745865.50935300,32526,1342950.04000000,7187542.94937400,0,2022-02-23 13:00:00,4.402225212379247,11.118028638563642
1645664400000,4.5412,4.92,4.5412,4.7495,395996.22,1645667999999,1890764.46625500,5604,206590.00000000,985980.33659200,0,2022-02-24 01:00:00,4.586893332158909,8.341407557473795
1645992000000,3.1768,3.5941,3.13,3.2747,843941.81,1645995599999,2821776.76665100,8403,408266.20000000,1368026.10820900,0,2022-02-27 20:00:00,3.081717451523549,13.135859984890455
1646017200000,3.243,3.54,3.205,3.54,164351.93,1646020799999,556829.36163200,2129,112232.63000000,381458.09381800,0,2022-02-28 03:00:00,9.158186864014805,9.158186864014805
1646060400000,3.6571,3.969,3.6504,3.7513,775547.07,1646063999999,2961689.10314100,8108,444053.15000000,1698248.72268600,0,2022-02-28 15:00:00,2.5758114352902655,8.52861556971371
1646366400000,2.9646,3.18,2.9013,3.1147,232786.79,1646369999999,712536.82971800,2162,120781.56000000,370302.97490700,0,2022-03-04 04:00:00,5.063077649598601,7.265735681036237
1646629200000,2.3263,2.4819,2.322,2.4618,140174.78,1646632799999,338682.15707600,843,75426.03000000,182449.11763800,0,2022-03-07 05:00:00,5.824700167648214,6.688733181446942
1646737200000,2.3568,3.25,2.3553,3.1196,2985109.87,1646740799999,8890305.76296300,27647,1581637.95000000,4706660.24971000,0,2022-03-08 11:00:00,32.365919891378155,37.89884589273593
1646748000000,2.9158,3.57,2.9079,3.389,5601883.3,1646751599999,18779912.13061000,67567,2969850.81000000,9961311.52003400,0,2022-03-08 14:00:00,16.22882227861993,22.436381096097122
1646751600000,3.3892,3.88,3.2288,3.8795,4474802.13,1646755199999,15857416.16942700,55211,2494376.47000000,8863569.84915500,0,2022-03-08 15:00:00,14.466540776584443,14.481293520594821
1646787600000,3.2548,3.6466,3.2519,3.6156,975986.97,1646791199999,3351157.51415100,11265,504010.75000000,1727371.19175700,0,2022-03-09 01:00:00,11.08516652328869,12.0376059972963
1646805600000,3.3825,3.8,3.3334,3.6856,1738752.7,1646809199999,6359218.96767900,20305,908888.38000000,3319729.19158900,0,2022-03-09 06:00:00,8.960827790096088,12.342941611234295
1646809200000,3.673,4.46,3.673,4.28,5086642.47,1646812799999,21060438.57128800,67090,2797569.56000000,11561978.66881000,0,2022-03-09 07:00:00,16.526000544514027,21.42662673563844
1646816400000,4.275,4.595,4.1475,4.5132,2669242.84,1646819999999,11570623.17590400,36970,1426255.63000000,6195133.53862600,0,2022-03-09 09:00:00,5.571929824561402,7.485380116959049
1646820000000,4.5132,7.4363,4.45,6.2608,18489726.36,1646823599999,113227555.24973400,296344,9500630.35000000,57981078.43953200,0,2022-03-09 10:00:00,38.721971106975076,64.76779225383319
1646823600000,6.2609,6.8673,5.7444,5.7769,9375617.99,1646827199999,58843709.77455900,169379,4692624.59000000,29522154.58969300,0,2022-03-09 11:00:00,-7.7305179766487235,9.685508473222697
1646830800000,5.7067,6.3,5.6156,6.031,4912680.42,1646834399999,29414325.15369700,99335,2575242.54000000,15434784.11245000,0,2022-03-09 13:00:00,5.682793908914084,10.396551422012726
1646834400000,6.0173,6.48,5.7561,6.459,3737278.44,1646837999999,22878581.49280600,70549,1988910.38000000,12208473.07743600,0,2022-03-09 14:00:00,7.340501553853057,7.689495288584594
1646877600000,4.922,5.3999,4.8682,5.2346,1008091.25,1646881199999,5222952.08674500,15582,554762.47000000,2881648.72950500,0,2022-03-10 02:00:00,6.351076798049587,9.709467696058512
1646884800000,5.0615,5.5713,4.9888,5.55,888155.05,1646888399999,4641597.41007900,13085,533184.15000000,2797142.01825400,0,2022-03-10 04:00:00,9.651289143534528,10.072113009977285
1646888400000,5.546,6.4057,5.4761,6.1803,5334009.81,1646891999999,32093783.74823000,90993,2803049.77000000,16886681.87506900,0,2022-03-10 05:00:00,11.437071763433098,15.501262170934007
1646892000000,6.18,6.8,6.1754,6.526,4145511.64,1646895599999,27017196.06004300,75657,2153951.79000000,14047536.21184900,0,2022-03-10 06:00:00,5.598705501618125,10.032362459546928
1646913600000,5.6168,6.4,5.5872,6.0571,2989868.0,1646917199999,18351821.59013400,54157,1554334.24000000,9530391.76668800,0,2022-03-10 12:00:00,7.838983050847468,13.943882637800897
1646942400000,5.7915,6.4485,5.7551,6.2459,1737899.39,1646945999999,10777440.40805600,38996,909356.97000000,5640732.11346300,0,2022-03-10 20:00:00,7.8459811793145064,11.344211344211343
1646949600000,6.1205,6.9999,6.0324,6.8524,3590418.14,1646953199999,24014083.80347900,65787,2025090.25000000,13556497.78088100,0,2022-03-10 22:00:00,11.958173351850347,14.368107180785891
1646992800000,6.3589,7.1185,6.2952,6.7502,3124375.94,1646996399999,21350757.68476700,65743,1713607.92000000,11708914.12007700,0,2022-03-11 10:00:00,6.1535800217018695,11.945462265486166
1646996400000,6.7478,8.2414,6.7378,8.2216,6762226.0,1646999999999,51235854.14868200,160247,3604477.23000000,27308332.08513300,0,2022-03-11 11:00:00,21.841192685023277,22.13462165446517
1647007200000,8.4433,11.3981,8.35,10.8384,11149012.08,1647010799999,110129366.50338400,299687,5953516.83000000,58754407.19968800,0,2022-03-11 14:00:00,28.366870773275842,34.99579548280884
1647021600000,9.4573,10.5,9.4,10.0217,3713294.11,1647025199999,37422847.22335400,119407,1967960.88000000,19831014.99152800,0,2022-03-11 18:00:00,5.967876666701904,11.025345500301354
1647054000000,9.1099,10.4694,9.1006,10.0296,1502471.03,1647057599999,14809777.52688500,46746,784798.83000000,7730348.77608600,0,2022-03-12 03:00:00,10.095610270145674,14.923325173712124
1647072000000,9.6065,10.9,9.4,10.1824,3027104.8,1647075599999,31236062.41340600,87659,1557887.29000000,16104360.99286500,0,2022-03-12 08:00:00,5.994899286941123,13.464841513558525
1647079200000,10.2882,11.55,10.2258,11.1402,3588520.77,1647082799999,39636941.19012100,104265,1937114.10000000,21399135.30420800,0,2022-03-12 10:00:00,8.281332011430575,12.264536070449651
1647100800000,9.3922,10.28,8.9134,9.8245,1813744.27,1647104399999,17358120.07348100,51110,945768.44000000,9072622.48194200,0,2022-03-12 16:00:00,4.602755477949785,9.452524435169593
1647115200000,9.2892,10.35,9.2853,9.9511,1016019.11,1647118799999,9985056.77874400,30822,549702.51000000,5402490.04150000,0,2022-03-12 20:00:00,7.125479050940889,11.419713215346858
1647136800000,9.2459,9.8,9.2457,9.7765,198469.99,1647140399999,1881035.14198200,6393,120559.53000000,1144542.96673400,0,2022-03-13 02:00:00,5.738759882758841,5.992926594490531
1647158400000,9.49,10.4,9.4876,9.629,1546019.88,1647161999999,15413230.45846300,38438,809083.13000000,8067108.33870000,0,2022-03-13 08:00:00,1.464699683877759,9.589041095890412
1647187200000,8.4756,9.3698,8.4756,8.7841,1411792.54,1647190799999,12620595.25632300,36617,751639.03000000,6708479.76885800,0,2022-03-13 16:00:00,3.6398603048751763,10.550285525508514
1647234000000,7.8565,8.9,7.6701,8.4806,1117563.85,1647237599999,9389596.09632600,28863,596399.22000000,5007614.26200500,0,2022-03-14 05:00:00,7.943740851524231,13.281995799656347
1647241200000,8.5119,9.9374,8.5,9.5799,1551236.11,1647244799999,14464612.90579100,41359,845681.26000000,7869724.25352300,0,2022-03-14 07:00:00,12.547139886511818,16.74714223616348
1647266400000,8.5699,9.1928,8.4573,9.0399,562087.55,1647269999999,4909484.30712100,17170,314640.51000000,2751160.85540500,0,2022-03-14 14:00:00,5.484311368860766,7.268462875879527
1647428400000,8.5573,9.2,8.526,9.1708,1161425.56,1647431999999,10423257.52461100,27661,620360.71000000,5572019.76411800,0,2022-03-16 11:00:00,7.1693174248886935,7.510546550898059
1647500400000,9.3441,10.6367,9.34,10.12,2675195.74,1647503999999,27182056.68821300,76187,1416030.29000000,14340569.45971400,0,2022-03-17 07:00:00,8.303635449106924,13.833327982363205
1647572400000,9.1683,9.92,9.0615,9.9199,407196.81,1647575999999,3867934.53937800,12733,235244.06000000,2234403.20211500,0,2022-03-18 03:00:00,8.19781202622078,8.198902740966151
1647770400000,8.9525,10.17,8.9276,10.0246,1027255.52,1647773999999,9952793.46520100,29878,559850.79000000,5420429.39826900,0,2022-03-20 10:00:00,11.975425858698676,13.599553197430877
1649188800000,6.2451,7.1927,6.21,7.1324,389666.52,1649192399999,2634688.12605300,11764,250089.50000000,1693657.92198100,0,2022-04-05 20:00:00,14.207939024194966,15.173496020880378
1649192400000,7.1377,8.2686,7.1377,7.6861,4144832.11,1649195999999,32764896.67891300,97876,2078977.33000000,16431996.92427900,0,2022-04-05 21:00:00,7.683147232301722,15.844039396444225
1649253600000,6.4582,7.3999,6.3397,6.9355,968076.51,1649257199999,6767254.05409500,30714,514909.61000000,3598441.54151100,0,2022-04-06 14:00:00,7.390604193118834,14.58146232696417
1649318400000,6.4227,6.9431,6.4227,6.7369,287155.22,1649321999999,1927335.40256500,9087,151289.49000000,1014142.69895800,0,2022-04-07 08:00:00,4.892023603780348,8.102511404860891
1649329200000,6.6961,7.4,6.6863,6.8164,836658.22,1649332799999,5920502.01433700,23880,425601.76000000,3017772.78346200,0,2022-04-07 11:00:00,1.79656815161063,10.512089126506472
1649750400000,5.8036,6.5281,5.8029,6.135,938420.08,1649753999999,5873088.08455800,23267,478497.09000000,2995727.78443500,0,2022-04-12 08:00:00,5.710248811082766,12.483630849817352
1649790000000,5.6392,6.2,5.5935,5.881,672413.3,1649793599999,4013527.03918100,15095,387723.10000000,2313798.27777600,0,2022-04-12 19:00:00,4.28784224712726,9.944673003262881
1650474000000,5.4506,6.0,5.4464,5.948,420068.69,1650477599999,2425788.40177200,8927,243222.11000000,1408252.25488400,0,2022-04-20 17:00:00,9.125600851282442,10.079624261549194
1650477600000,5.9478,6.5529,5.8027,5.9331,1756363.17,1650481199999,10849958.61153000,42548,955979.92000000,5917364.18688300,0,2022-04-20 18:00:00,-0.24715020679915903,10.173509532936551
1650517200000,5.8522,6.2838,5.7657,6.2838,327091.22,1650520799999,1967785.79334200,7762,194412.82000000,1173182.11314000,0,2022-04-21 05:00:00,7.375004271897756,7.375004271897756
1650535200000,6.0178,6.4385,6.0137,6.3661,554733.3,1650538799999,3477936.27408800,14059,299647.53000000,1880021.30043700,0,2022-04-21 10:00:00,5.787829439329988,6.9909269168134545
1650538800000,6.3688,7.47,6.3405,7.3261,2448579.17,1650542399999,17111246.20186100,59658,1284175.52000000,8969888.26602900,0,2022-04-21 11:00:00,15.031089059163422,17.290541389272697
1650542400000,7.3438,8.1495,7.2058,7.7438,3674693.36,1650545999999,28147168.78717900,86405,1860890.10000000,14279293.68074800,0,2022-04-21 12:00:00,5.4467714262371025,10.971159345298073
1650564000000,6.8546,7.2222,6.6616,7.2045,661159.31,1650567599999,4523292.26978300,15235,357801.04000000,2455162.44983900,0,2022-04-21 18:00:00,5.104601289644921,5.362822046508919
1650762000000,5.9352,6.4468,5.9352,6.215,657725.13,1650765599999,4129950.94345900,16385,358253.80000000,2247946.29845300,0,2022-04-24 01:00:00,4.714247203127103,8.619760075481864
1651017600000,5.4972,6.3296,5.4827,6.0299,735827.24,1651021199999,4432947.02951500,18763,363308.01000000,2190320.35890800,0,2022-04-27 00:00:00,9.690387833806287,15.142254238521424
1651035600000,5.7756,6.1998,5.701,6.1575,155850.9,1651039199999,918854.73474300,4461,87807.53000000,519008.07055100,0,2022-04-27 05:00:00,6.61230002077706,7.344691460627466
1651770000000,4.7751,5.1842,4.7257,5.0857,144649.43,1651773599999,724996.82846300,4037,85011.88000000,424789.76793000,0,2022-05-05 17:00:00,6.504575820401666,8.567359845867093
1651935600000,4.6949,5.1,4.6818,4.9333,565360.74,1651939199999,2801085.63453100,13799,284157.58000000,1407237.70368600,0,2022-05-07 15:00:00,5.07785043344907,8.628511789388487
1652274000000,2.0327,2.2957,2.0255,2.2555,320421.44,1652277599999,694807.14718300,3602,154118.16000000,334989.82785400,0,2022-05-11 13:00:00,10.960791066069753,12.938456240468337
1652302800000,1.6819,1.8334,1.6699,1.8179,192178.18,1652306399999,333808.14478800,2033,99633.14000000,172794.27126000,0,2022-05-11 21:00:00,8.086093108983896,9.007669897140138
1652313600000,1.8264,1.9801,1.8264,1.9141,245767.19,1652317199999,467449.42212500,2902,125649.58000000,238604.85857300,0,2022-05-12 00:00:00,4.801795882610594,8.415462111257115
1652338800000,1.3622,1.4888,1.2511,1.4187,391694.4,1652342399999,540207.24401900,3810,187569.29000000,257061.62258700,0,2022-05-12 07:00:00,4.147702246366172,9.293789458229321
1652367600000,1.5104,1.7345,1.4869,1.5966,287176.07,1652371199999,459419.63670700,3203,152913.27000000,244320.79494600,0,2022-05-12 15:00:00,5.707097457627122,14.837129237288133
1652400000000,1.4266,1.5057,1.4081,1.5057,83978.64,1652403599999,121691.75018200,1131,46011.02000000,66599.93649000,0,2022-05-13 00:00:00,5.54465161923454,5.54465161923454
1652407200000,1.5583,1.7183,1.5408,1.6658,91666.0,1652410799999,148953.97102700,1207,52705.26000000,85706.66829600,0,2022-05-13 02:00:00,6.8985432843483245,10.267599306937042
1652410800000,1.665,1.8524,1.6547,1.7773,192055.09,1652414399999,338149.79282600,2469,103333.73000000,181725.25984900,0,2022-05-13 03:00:00,6.744744744744749,11.255255255255255
1652418000000,1.7747,1.9199,1.7579,1.8178,163204.02,1652421599999,301695.73817500,1970,79482.27000000,146992.67629000,0,2022-05-13 05:00:00,2.428579478221679,8.181664506677185
1652421600000,1.8155,1.9557,1.8074,1.9366,127834.81,1652425199999,239502.74468200,1621,81612.36000000,152595.52144400,0,2022-05-13 06:00:00,6.670338749655754,7.722390526025895
1652425200000,1.9366,2.7881,1.89,2.5877,1899221.53,1652428799999,4592209.61737500,19623,998396.45000000,2427520.67739700,0,2022-05-13 07:00:00,33.62077868429205,43.968811318806154
1652428800000,2.5892,3.9,2.584,3.3583,3125731.27,1652432399999,10345659.54937500,41350,1690775.46000000,5616932.67169000,0,2022-05-13 08:00:00,29.70415572377568,50.62567588444307
1652439600000,3.0275,3.4,3.0262,3.2835,1679624.86,1652443199999,5570861.60974100,15822,936504.69000000,3113500.06025300,0,2022-05-13 11:00:00,8.455821635012395,12.303881090008261
1652443200000,3.2892,3.56,3.2843,3.5085,1301770.3,1652446799999,4461073.49466800,15572,669310.79000000,2294840.48831700,0,2022-05-13 12:00:00,6.667274717256477,8.233004986014834
1652454000000,2.898,3.1451,2.7903,3.0098,667167.26,1652457599999,1994309.28450900,9079,376471.40000000,1128540.13037700,0,2022-05-13 15:00:00,3.8578329882677598,8.526570048309166
1652464800000,2.6955,3.4499,2.6832,3.1055,874650.57,1652468399999,2703226.80347900,11344,479901.56000000,1487694.85856200,0,2022-05-13 18:00:00,15.210536078649605,27.98738638471526
1652493600000,2.7719,2.9986,2.7399,2.9321,1666053.42,1652497199999,4717443.18832400,14744,854954.80000000,2426527.22632700,0,2022-05-14 02:00:00,5.779429272340277,8.178505718099503
1652508000000,2.6756,3.0753,2.6634,3.057,351183.05,1652511599999,977826.33097100,4914,186781.42000000,521631.16331600,0,2022-05-14 06:00:00,14.254746598893695,14.938705337120634
1652544000000,2.5004,2.6499,2.4461,2.6255,204055.9,1652547599999,524060.51448300,3239,99809.24000000,256653.38958800,0,2022-05-14 16:00:00,5.003199488081916,5.979043353063517
1652652000000,2.7256,2.9999,2.7256,2.85,131242.44,1652655599999,376517.94988000,2166,65519.88000000,188011.88573400,0,2022-05-15 22:00:00,4.5641326680363985,10.06383915468153
1652810400000,2.6617,3.5641,2.6553,3.1078,1372300.82,1652813999999,4236076.40913400,23034,686737.90000000,2124349.53217500,0,2022-05-17 18:00:00,16.759965435623847,33.9031446068302
1652817600000,2.9456,3.399,2.8625,2.9195,320576.02,1652821199999,964977.14545300,5015,146284.48000000,445051.47179900,0,2022-05-17 20:00:00,-0.8860673546985337,15.39244975556762
1652842800000,2.9619,3.2495,2.9562,3.0925,206063.88,1652846399999,639273.07653400,3280,97659.70000000,302690.65024100,0,2022-05-18 03:00:00,4.4093318478003924,9.709983456565038
1652857200000,3.2197,4.06,3.2197,3.7,1424887.99,1652860799999,5294935.07716900,23135,741657.21000000,2754203.13711400,0,2022-05-18 07:00:00,14.917538901139862,26.098704848277777
1652864400000,3.5408,4.0,3.5265,3.7839,1230319.01,1652867999999,4581197.22994400,15911,680877.39000000,2539474.47199600,0,2022-05-18 09:00:00,6.865680072300048,12.96882060551288
1652871600000,3.7226,4.1,3.6462,3.7138,532238.96,1652875199999,2024016.58256000,9274,248815.88000000,951368.11129900,0,2022-05-18 11:00:00,-0.23639391822919248,10.138075538602045
1652886000000,3.6292,4.7351,3.5555,4.4233,1730694.14,1652889599999,7196657.10926700,24919,841898.92000000,3513432.23013000,0,2022-05-18 15:00:00,21.880855284911284,30.47228039237298
1652896800000,3.9486,4.3298,3.7181,3.7384,690968.49,1652900399999,2753163.81781100,13026,317832.18000000,1276244.07599300,0,2022-05-18 18:00:00,-5.3234057640682755,9.654054601630952
1652918400000,3.0702,3.3565,3.0702,3.1637,317970.56,1652921999999,1025280.49583600,4541,179174.28000000,577632.15341300,0,2022-05-19 00:00:00,3.0454042081949106,9.325125398996816
1652922000000,3.1602,3.5008,3.1247,3.301,384405.02,1652925599999,1292566.74662600,5736,189559.00000000,636627.89413700,0,2022-05-19 01:00:00,4.4554142142902355,10.777798873489013
1652990400000,3.0951,3.3999,3.0841,3.2472,318906.93,1652993999999,1040534.57073200,5236,148022.17000000,483345.04486000,0,2022-05-19 20:00:00,4.91421924978191,9.847823979839108
1653022800000,3.1104,3.741,3.1104,3.428,481904.02,1653026399999,1658490.07558600,9291,260998.20000000,897136.27994000,0,2022-05-20 05:00:00,10.210905349794244,20.27391975308643
1653026400000,3.4303,3.78,3.4077,3.6328,585304.77,1653029999999,2109381.81087500,7937,340988.75000000,1230616.60532900,0,2022-05-20 06:00:00,5.903273766142907,10.194443634667518
1653040800000,3.521,4.28,3.521,4.0605,1357823.31,1653044399999,5392722.98375500,19156,722936.58000000,2877961.91674700,0,2022-05-20 10:00:00,15.322351604657777,21.556376029537073
1653055200000,3.6545,3.9898,3.6298,3.7852,568621.92,1653058799999,2170837.65806500,9881,293550.06000000,1122952.91032200,0,2022-05-20 14:00:00,3.576412641948284,9.174989738678335
1653278400000,3.668,4.0351,3.59,3.868,405179.83,1653281999999,1551294.24301500,7523,215869.99000000,827419.09800500,0,2022-05-23 04:00:00,5.452562704471093,10.0081788440567
1653699600000,3.2831,3.4909,3.2616,3.4901,184097.77,1653703199999,622842.55806300,2445,107896.42000000,365347.36515500,0,2022-05-28 01:00:00,6.305016600164475,6.329383814078151
1655096400000,2.3089,2.4619,2.3011,2.4427,68004.39,1655099999999,161923.41401300,1112,41517.45000000,98787.68698000,0,2022-06-13 05:00:00,5.794967300446096,6.6265321148598915
1655233200000,2.3125,3.3933,2.3045,3.0691,2492644.37,1655236799999,7662586.82335300,38989,1243845.28000000,3814484.70587800,0,2022-06-14 19:00:00,32.71783783783784,46.737297297297296
1655272800000,2.4098,2.65,2.4078,2.5115,478139.43,1655276399999,1214845.66337700,6746,249971.34000000,635371.24822700,0,2022-06-15 06:00:00,4.220267242094766,9.96763216864469
1655290800000,2.4338,2.5731,2.4289,2.5731,452472.49,1655294399999,1116993.70648600,3826,281345.72000000,696077.60216700,0,2022-06-15 11:00:00,5.723559865231325,5.723559865231325
1655550000000,2.3542,2.5738,2.3542,2.4263,336250.89,1655553599999,836524.92685400,5644,150472.55000000,374438.62694700,0,2022-06-18 11:00:00,3.06261150284597,9.328009514909514
1655809200000,2.5056,2.7271,2.4969,2.6624,242527.31,1655812799999,636559.88790700,3682,150373.99000000,393606.70753900,0,2022-06-21 11:00:00,6.257982120051088,8.840197956577278
1657879200000,2.348,2.6055,2.3479,2.5767,777580.51,1657882799999,1949699.25621100,8643,434236.02000000,1089353.02438400,0,2022-07-15 10:00:00,9.740204429301548,10.966780238500865
1657947600000,2.514,3.19,2.4865,3.0013,1051187.03,1657951199999,3044244.15130500,15520,582845.04000000,1680045.93049200,0,2022-07-16 05:00:00,19.38345266507559,26.889419252187757
1659099600000,2.5111,2.9637,2.4909,2.8434,1002548.85,1659103199999,2805769.03016800,9477,549209.79000000,1533423.50610300,0,2022-07-29 13:00:00,13.233244394886706,18.023973557405117
1659124800000,2.7069,2.9,2.7053,2.9,121352.45,1659128399999,338018.65985600,1577,83113.74000000,232131.54394300,0,2022-07-29 20:00:00,7.133621485832496,7.133621485832496
1659128400000,2.9,3.2485,2.828,2.8357,1112195.65,1659131999999,3400958.41174700,14708,575329.28000000,1766418.97242800,0,2022-07-29 21:00:00,-2.217241379310338,12.017241379310347
1659618000000,2.8909,3.2786,2.8909,3.0653,1581891.27,1659621599999,4999406.02845800,22461,833648.60000000,2635925.22387900,0,2022-08-04 13:00:00,6.032723373343953,13.411048462416556
1660482000000,3.027,3.2291,3.0117,3.2073,313085.74,1660485599999,974982.05464500,4095,183033.35000000,570581.29805800,0,2022-08-14 13:00:00,5.956392467789887,6.676577469441682
1660816800000,3.4442,4.1,3.4442,4.029,1517248.57,1660820399999,5706308.41410600,20762,826029.58000000,3111994.79454500,0,2022-08-18 10:00:00,16.979269496544916,19.040706114627483
1660831200000,3.769,5.1,3.6739,4.8447,3230764.59,1660834799999,14637083.01024500,61117,1696621.45000000,7690325.82864300,0,2022-08-18 14:00:00,28.540726983284674,35.314407004510464
1660838400000,4.2514,4.7139,4.1506,4.39,1241691.36,1660841999999,5503240.24362500,23932,634242.24000000,2808732.03930400,0,2022-08-18 16:00:00,3.260102554452636,10.878769346568177
1660870800000,3.7377,4.0791,3.7284,4.0475,400790.54,1660874399999,1579658.85921700,5786,197050.44000000,774826.67895100,0,2022-08-19 01:00:00,8.288519677876783,9.133959386788684
1660878000000,4.1174,4.4898,4.0511,4.43,578275.04,1660881599999,2481062.73012000,10524,307969.04000000,1324133.63008300,0,2022-08-19 03:00:00,7.592169815903234,9.04454267256035
1660885200000,4.2478,4.6671,4.2477,4.4757,553250.67,1660888799999,2481422.26916500,9105,280442.99000000,1256652.89612800,0,2022-08-19 05:00:00,5.365130185036961,9.87099204293987
1660896000000,4.2732,4.7,4.2558,4.582,1007960.24,1660899599999,4533131.63308500,14624,556881.82000000,2504018.20975900,0,2022-08-19 08:00:00,7.2264345221379696,9.987831133576712
1660917600000,3.7329,4.3,3.7272,4.0718,996721.95,1660921199999,4060691.17107700,13900,499719.52000000,2031172.88302800,0,2022-08-19 14:00:00,9.07873235286238,15.19194192183021
1661054400000,3.4851,3.8188,3.4851,3.7776,315984.07,1661057999999,1160652.48777500,4888,165397.28000000,608471.77216900,0,2022-08-21 04:00:00,8.392872514418524,9.575048061748584
1661126400000,3.6808,4.028,3.6701,3.9257,249977.9,1661129999999,971408.38546800,4528,149006.05000000,578368.19011800,0,2022-08-22 00:00:00,6.653444903281892,9.432732014779383
1661151600000,3.9802,4.524,3.9797,4.3941,825389.5,1661155199999,3552606.54226800,15438,471802.17000000,2031167.73663300,0,2022-08-22 07:00:00,10.39897492588312,13.662630018592031
1661194800000,4.2912,4.5499,4.2405,4.5092,324787.5,1661198399999,1427794.04502600,4920,172302.72000000,758834.12381200,0,2022-08-22 19:00:00,5.080164056674123,6.028616703952278
1661922000000,3.8418,4.0491,3.8344,4.0381,84565.58,1661925599999,331054.14782500,1764,61357.58000000,240184.24581000,0,2022-08-31 05:00:00,5.109584049143629,5.395908168046229
1662109200000,4.2297,4.7298,4.228,4.5409,673932.76,1662112799999,3047957.57161100,10419,399321.76000000,1803252.32596300,0,2022-09-02 09:00:00,7.357495803484867,11.823533583942117
1662145200000,4.6109,5.177,4.5858,5.0244,1174452.61,1662148799999,5778454.25058200,26460,642871.57000000,3160991.35020600,0,2022-09-02 19:00:00,8.967880457177557,12.2774295690646
1662148800000,5.0243,5.44,4.9718,5.0211,1068977.03,1662152399999,5591230.82356100,25587,554143.13000000,2900367.04563300,0,2022-09-02 20:00:00,-0.06369046434330226,8.273789383595728
1662177600000,5.0976,5.7097,5.0883,5.3985,744252.87,1662181199999,4069060.93324500,16730,399578.78000000,2183572.50674300,0,2022-09-03 04:00:00,5.902777777777786,12.007611424984303
1662876000000,4.6572,5.1348,4.6572,5.1277,355282.08,1662879599999,1738731.20549000,8177,207273.31000000,1017488.65919200,0,2022-09-11 06:00:00,10.102636777462862,10.255088894614806
1663808400000,3.3119,3.4875,3.2918,3.4792,104617.93,1663811999999,356165.57329100,2822,49319.44000000,167413.48711600,0,2022-09-22 01:00:00,5.051481022977747,5.302092454482314
1664128800000,3.8556,4.2555,3.852,4.1564,531177.38,1664132399999,2168840.99800000,10708,304022.14000000,1241427.10653700,0,2022-09-25 18:00:00,7.801639174188186,10.371926548397129
1664348400000,3.9271,4.246,3.9246,4.0559,488513.18,1664351999999,2013057.91479000,11036,266725.52000000,1098464.82428900,0,2022-09-28 07:00:00,3.279773878943762,8.120496040335123
1665943200000,2.9194,3.36,2.9194,3.029,764276.63,1665946799999,2433335.16443700,14979,400516.31000000,1274582.83828600,0,2022-10-16 18:00:00,3.754196067685138,15.092142221004313
1666278000000,2.8945,3.0574,2.8881,3.0504,95966.88,1666281599999,284450.97000800,2108,50387.61000000,149756.63962900,0,2022-10-20 15:00:00,5.386077042667125,5.627915011228193
1667682000000,3.285,3.65,3.2815,3.4871,546141.98,1667685599999,1920782.80197200,10618,312612.78000000,1096588.53736200,0,2022-11-05 21:00:00,6.152207001522061,11.111111111111104
1667898000000,3.2007,3.462,3.2007,3.375,379727.35,1667901599999,1275306.72442700,6492,208734.94000000,700062.03698700,0,2022-11-08 09:00:00,5.445683756678231,8.16383916018372
1667948400000,2.8697,3.109,2.8618,3.0604,141729.02,1667951999999,425886.78563200,2880,75197.58000000,225453.73467300,0,2022-11-08 23:00:00,6.645293933163749,8.338850750949579
1668038400000,2.2433,2.4059,2.225,2.3787,106075.44,1668041999999,245609.71086700,2231,59258.60000000,137511.02993500,0,2022-11-10 00:00:00,6.035750902687993,7.2482503454731795
1668171600000,2.7741,3.0198,2.7741,3.0137,129986.88,1668175199999,375607.22394400,2426,92936.96000000,269641.98448500,0,2022-11-11 13:00:00,8.637035434915838,8.856926570779722
1668225600000,2.9002,3.25,2.8292,3.0779,511526.38,1668229199999,1587098.84458300,9334,285074.47000000,882671.01659500,0,2022-11-12 04:00:00,6.127163643886635,12.061237156058208
1668366000000,2.6784,2.8164,2.6724,2.8164,60429.54,1668369599999,166538.79238900,1788,39116.85000000,107772.84884200,0,2022-11-13 19:00:00,5.152329749103939,5.152329749103939
1668405600000,2.6049,2.7771,2.6016,2.7515,43873.17,1668409199999,118474.90974000,1245,24984.23000000,67407.21739500,0,2022-11-14 06:00:00,5.627855195976807,6.6106184498445115
1668603600000,2.9834,3.27,2.9261,3.1924,330984.6,1668607199999,1037164.39844700,7258,195508.59000000,613227.93781200,0,2022-11-16 13:00:00,7.005430046255952,9.6064892404639
1668672000000,3.2928,3.6,3.2756,3.4939,412523.11,1668675599999,1427900.72272200,9812,247191.75000000,855171.76200200,0,2022-11-17 08:00:00,6.107264334305145,9.329446064139939
1670612400000,2.6136,2.9775,2.6136,2.87,487492.38,1670615999999,1380675.51530600,10291,296163.46000000,836816.14941800,0,2022-12-09 19:00:00,9.810223446587091,13.923324150596883
1671717600000,2.1122,2.3817,2.1107,2.2385,557387.73,1671721199999,1265136.78802700,8687,309472.65000000,701057.50110700,0,2022-12-22 14:00:00,5.979547391345521,12.759208408294661
1674637200000,2.3837,2.6665,2.3821,2.6603,412381.98,1674640799999,1047313.87380800,6849,276567.36000000,701604.34143200,0,2023-01-25 09:00:00,11.603809204178367,11.863909048957499
1674640800000,2.6609,3.341,2.6542,2.9603,2307231.66,1674644399999,6987731.94664000,39835,1169812.58000000,3539705.54199800,0,2023-01-25 10:00:00,11.251832086887909,25.55902138374236
1675656000000,2.7911,2.9419,2.79,2.941,82623.65,1675659599999,236313.88274100,1734,65405.56000000,186925.20897600,0,2023-02-06 04:00:00,5.370642399054126,5.4028877503493185
1676296800000,2.8856,3.0677,2.8752,3.0418,171555.59,1676300399999,514892.77376300,3022,91811.44000000,275220.07179200,0,2023-02-13 14:00:00,5.413085666759068,6.3106459661768675
1676343600000,3.0884,3.301,3.0547,3.2687,289611.57,1676347199999,930617.50747500,5325,143438.81000000,461106.56634400,0,2023-02-14 03:00:00,5.83797435565341,6.883823338945737
1676354400000,3.2827,3.5388,3.2514,3.5237,508416.35,1676357999999,1741391.34346700,10171,296531.39000000,1016912.57224900,0,2023-02-14 06:00:00,7.341517653151358,7.801504858805251
1676570400000,3.2512,3.67,3.2507,3.4565,1188714.51,1676573999999,4119810.66031400,20298,596348.70000000,2061059.35816700,0,2023-02-16 18:00:00,6.31459153543308,12.881397637795278
1676973600000,3.2585,3.49,3.2491,3.4604,218669.74,1676977199999,742254.59336400,4741,155110.26000000,526226.03461900,0,2023-02-21 10:00:00,6.196102501150828,7.104495933711831
1678550400000,2.1862,2.5637,2.1831,2.2877,1010125.24,1678553999999,2365645.41339500,16733,558637.74000000,1305360.86241300,0,2023-03-11 16:00:00,4.642759125423115,17.267404629036683
1680472800000,2.2284,2.6583,2.2204,2.5081,934362.18,1680476399999,2352224.60041300,18697,525339.89000000,1313245.49094100,0,2023-04-02 22:00:00,12.551606533835939,19.291868605277326
1680912000000,2.4003,2.6077,2.3997,2.5449,575950.93,1680915599999,1450127.49352800,8485,322328.04000000,812059.45339800,0,2023-04-08 00:00:00,6.024246969128861,8.64058659334249
1680948000000,2.5823,3.15,2.5515,3.0,1934976.35,1680951599999,5613359.14693800,34191,1059276.40000000,3073050.54602000,0,2023-04-08 10:00:00,16.175502459048133,21.984277582000537
1680973200000,3.0716,4.58,3.0711,4.4772,7061132.13,1680976799999,27294418.55745800,120265,3672335.14000000,14174234.78038500,0,2023-04-08 17:00:00,45.76116681859616,49.107956765203795
1680976800000,4.4765,5.8792,3.9117,5.3612,9282854.99,1680980399999,44899335.44968100,171113,4615830.72000000,22360172.98926000,0,2023-04-08 18:00:00,19.763207863286063,31.33474812911874
1680980400000,5.3612,5.8,4.6471,4.8667,5839680.0,1680983999999,30647918.12711900,119633,2958811.03000000,15553420.44343100,0,2023-04-08 19:00:00,-9.223681265388354,8.184734760874424
1680991200000,3.6825,4.0083,3.55,3.8652,1589054.39,1680994799999,5952463.22112400,28198,799672.95000000,3004099.01749000,0,2023-04-08 22:00:00,4.961303462321794,8.847250509164972
1680994800000,3.8651,4.2569,3.7168,4.0625,2519994.88,1680998399999,10110962.19922100,47140,1292611.26000000,5192386.72672500,0,2023-04-08 23:00:00,5.10724172725156,10.13686579907376
1681002000000,3.7529,4.1599,3.751,4.1099,1465728.11,1681005599999,5848157.30830100,29650,778916.64000000,3109727.61864100,0,2023-04-09 01:00:00,9.51264355565029,10.84494657464895
1681005600000,4.1099,4.5468,4.0671,4.1283,2175877.9,1681009199999,9418108.37663300,46126,1118780.23000000,4848686.93745300,0,2023-04-09 02:00:00,0.44769945740773837,10.630428964208388
1681012800000,4.0511,4.4084,3.9822,4.3939,1113994.02,1681016399999,4681496.77074800,24084,581771.13000000,2447427.10292800,0,2023-04-09 04:00:00,8.461899237244216,8.819826713732084
1681016400000,4.3913,5.05,4.2831,4.9124,3208629.25,1681019999999,15096815.34725600,73486,1636261.49000000,7695428.33166800,0,2023-04-09 05:00:00,11.866645412520201,15.000113861498862
1681052400000,3.8942,4.53,3.8942,4.3006,2688776.81,1681055999999,11573013.33627800,52811,1369940.23000000,5890798.42110300,0,2023-04-09 15:00:00,10.436033074829236,16.326845051615226
1681074000000,3.6174,4.2873,3.6121,3.9816,1923419.01,1681077599999,7670948.40299000,37323,1016295.26000000,4051394.96400300,0,2023-04-09 21:00:00,10.0680046442196,18.518825675899823
1681156800000,3.3392,3.7746,3.3264,3.4907,1085776.59,1681160399999,3867307.49997700,19736,554823.62000000,1976949.05729900,0,2023-04-10 20:00:00,4.53701485385721,13.039051269765215
1681200000000,3.6878,4.1855,3.6878,3.9225,1736340.5,1681203599999,6895449.05419200,32692,911473.50000000,3620108.70771800,0,2023-04-11 08:00:00,6.364227995010567,13.49585118498834
1681207200000,3.8835,4.25,3.8752,4.1384,538803.23,1681210799999,2162356.76449200,11872,288024.21000000,1161639.25956700,0,2023-04-11 10:00:00,6.563666795416498,9.437363203295991
1681214400000,3.939,4.5499,3.8385,4.5304,1676386.57,1681217999999,7089924.41244700,38054,901553.11000000,3820854.75079700,0,2023-04-11 12:00:00,15.013962934755018,15.509012439705508
1681300800000,3.9617,4.2803,3.9421,4.0445,775269.36,1681304399999,3205162.09061700,15233,409625.49000000,1691665.57880300,0,2023-04-12 12:00:00,2.090011863593917,8.04200217078528
1681740000000,3.5936,3.89,3.5907,3.6745,1412104.62,1681743599999,5306532.88034600,20084,785427.82000000,2957880.22464400,0,2023-04-17 14:00:00,2.251224398931439,8.247996438112205
1682024400000,2.9244,3.4138,2.9079,3.3728,969277.95,1682027999999,3156922.81040800,17759,548875.82000000,1781098.42483300,0,2023-04-20 21:00:00,15.333059772944877,16.735056763780616
1682337600000,2.9905,3.1851,2.9728,3.1456,316594.56,1682341199999,984971.44606000,6179,195758.02000000,607658.28128300,0,2023-04-24 12:00:00,5.186423674970742,6.5072730312656715
1682841600000,3.1137,3.3,3.0899,3.2715,904114.21,1682845199999,2915454.12192300,17442,507244.72000000,1635460.90365200,0,2023-04-30 08:00:00,5.067925619038441,5.983235379130927
1684008000000,2.379,2.6934,2.379,2.584,1500870.18,1684011599999,3858367.77614700,30085,762604.66000000,1955833.90022700,0,2023-05-13 20:00:00,8.617065994115178,13.215636822194199
1684054800000,2.5045,2.6773,2.4808,2.6488,630210.12,1684058399999,1628186.83708800,11355,342026.03000000,883558.53600600,0,2023-05-14 09:00:00,5.761629067678173,6.8995807546416295
1686243600000,2.0094,2.174,2.0094,2.1392,359157.94,1686247199999,756904.93720500,6972,219694.84000000,462548.97395500,0,2023-06-08 17:00:00,6.459639693440847,8.191499950233904
1686679200000,1.863,2.0689,1.8614,2.03,845940.97,1686682799999,1669534.86937300,14459,459141.08000000,905937.18621900,0,2023-06-13 18:00:00,8.964036500268374,11.052066559312946
1686736800000,1.9602,2.5,1.9591,2.0538,1672305.37,1686740399999,3544052.82869100,31112,805428.51000000,1716034.80155600,0,2023-06-14 10:00:00,4.775022956841133,27.538006325885117
1689440400000,1.9378,2.1799,1.9354,2.095,946985.64,1689443999999,1965629.57180800,14814,536817.13000000,1111633.62601700,0,2023-07-15 17:00:00,8.112292290226042,12.493549385901536
1691002800000,2.008,2.1894,2.008,2.085,429624.45,1691006399999,901409.43801400,7287,231031.96000000,484619.18191400,0,2023-08-02 19:00:00,3.8346613545816712,9.03386454183267
1692316800000,1.845,1.957,1.839,1.957,150742.51,1692320399999,289845.34815000,2448,88559.38000000,170348.50209000,0,2023-08-18 00:00:00,6.070460704607052,6.070460704607052
1692608400000,2.033,2.22,2.031,2.127,1073361.95,1692611999999,2306419.88733300,12821,594166.70000000,1277060.18122300,0,2023-08-21 09:00:00,4.623708804722079,9.198229217904588
1692680400000,2.165,2.477,2.164,2.389,804536.86,1692683999999,1897570.74072000,12291,435532.38000000,1026677.65435000,0,2023-08-22 05:00:00,10.346420323325624,14.41108545034641
1694365200000,1.833,2.112,1.833,1.966,1920472.86,1694368799999,3814409.82142000,24793,1045701.15000000,2074980.03794000,0,2023-09-10 17:00:00,7.255864702673214,15.220949263502462
1701082800000,1.736,1.855,1.727,1.827,373680.47,1701086399999,675017.21111000,4403,264169.24000000,476906.89281000,0,2023-11-27 11:00:00,5.241935483870966,6.854838709677419
1701100800000,1.761,2.294,1.756,1.979,2866343.65,1701104399999,5923219.49077000,51492,1477683.98000000,3051587.16474000,0,2023-11-27 16:00:00,12.37932992617832,30.26689381033505
1701104400000,1.979,2.14,1.952,2.026,937569.8,1701107999999,1941876.74367000,14668,466184.67000000,966443.83968000,0,2023-11-27 17:00:00,2.3749368367862407,8.135421930267814
1701129600000,1.888,2.06,1.877,2.004,307366.62,1701133199999,602062.17941000,6094,171056.13000000,335798.75659000,0,2023-11-28 00:00:00,6.144067796610175,9.110169491525433
1701687600000,1.995,2.18,1.95,2.038,1212321.53,1701691199999,2493684.11835000,20823,647770.77000000,1333266.38652000,0,2023-12-04 11:00:00,2.1553884711779303,9.273182957393486
1703055600000,1.82,2.057,1.805,1.932,1317438.1,1703059199999,2570587.41586000,20388,733962.78000000,1427962.17988000,0,2023-12-20 07:00:00,6.153846153846146,13.021978021978015
1705471200000,2.005,2.124,2.005,2.12,376673.82,1705474799999,782687.24021000,4853,230583.25000000,477843.53099000,0,2024-01-17 06:00:00,5.73566084788031,5.935162094763104
1705651200000,2.033,2.38,2.033,2.283,2134373.01,1705654799999,4834714.70535000,49027,1198994.78000000,2711069.41678000,0,2024-01-19 08:00:00,12.297097884899165,17.06837186424004
1705665600000,2.242,2.446,2.24,2.356,1364367.84,1705669199999,3229885.79892000,34300,771266.73000000,1827799.07946000,0,2024-01-19 12:00:00,5.084745762711859,9.099018733273871
1705914000000,2.088,2.35,2.076,2.126,1314135.24,1705917599999,2898352.94363000,27964,705695.13000000,1560015.47179000,0,2024-01-22 09:00:00,1.8199233716475007,12.547892720306514
1708131600000,2.207,2.342,2.205,2.33,280535.37,1708135199999,643641.88326000,6156,184928.19000000,424422.25299000,0,2024-02-17 01:00:00,5.573176257362947,6.116900770276404
1715425200000,1.8,1.976,1.796,1.877,1123541.15,1715428799999,2145055.14201000,22527,674151.75000000,1285333.63799000,0,2024-05-11 11:00:00,4.277777777777776,9.777777777777775
1715706000000,1.726,1.935,1.71,1.926,681907.15,1715709599999,1254239.30756000,12985,431672.41000000,795279.02881000,0,2024-05-14 17:00:00,11.587485515643102,12.10892236384705
1718006400000,1.745,1.943,1.741,1.898,819399.27,1718009999999,1507792.93378000,13730,561492.28000000,1031044.48888000,0,2024-06-10 08:00:00,8.767908309455576,11.346704871060169
1718013600000,1.894,2.03,1.872,1.994,805842.64,1718017199999,1584133.22085000,16031,445170.77000000,875257.31360000,0,2024-06-10 10:00:00,5.279831045406552,7.180570221752899
1719154800000,1.44,1.567,1.435,1.468,760677.11,1719158399999,1140846.81157000,14698,464966.86000000,697089.83622000,0,2024-06-23 15:00:00,1.9444444444444462,8.819444444444445
1723406400000,1.129,1.49,1.112,1.238,2530505.71,1723409999999,3173715.45952000,37650,1354473.76000000,1693834.04267000,0,2024-08-11 20:00:00,9.654561558901682,31.975199291408323
1723410000000,1.235,1.355,1.21,1.25,985696.16,1723413599999,1255579.14924000,16153,506962.00000000,646717.43489000,0,2024-08-11 21:00:00,1.214574898785417,9.716599190283391
1723442400000,1.157,1.32,1.156,1.229,1143030.69,1723445999999,1441192.19773000,25769,620052.08000000,780864.66290000,0,2024-08-12 06:00:00,6.22299049265342,14.088159031979258
1723485600000,1.166,1.242,1.165,1.24,257710.53,1723489199999,309537.90177000,3840,153263.21000000,184516.52266000,0,2024-08-12 18:00:00,6.346483704974277,6.518010291595204
1727938800000,1.163,1.28,1.14,1.263,575804.36,1727942399999,692896.88294000,5267,403250.69000000,484145.34250000,0,2024-10-03 07:00:00,8.598452278589843,10.060189165950128
1727942400000,1.263,1.48,1.209,1.376,3458569.57,1727945999999,4669105.89718000,52619,1853545.80000000,2504666.76404000,0,2024-10-03 08:00:00,8.94695170229612,17.181314330958045
1728158400000,1.211,1.389,1.201,1.301,2386870.11,1728161999999,3094612.82228000,23679,1294334.38000000,1678706.23351000,0,2024-10-05 20:00:00,7.431874483897594,14.69859620148637
1728327600000,1.316,1.559,1.315,1.485,2140186.73,1728331199999,3114704.38009000,29907,1138207.43000000,1655091.79457000,0,2024-10-07 19:00:00,12.8419452887538,18.465045592705156
1728338400000,1.436,1.623,1.411,1.535,1894917.62,1728341999999,2889952.45699000,22099,1003505.56000000,1531305.96541000,0,2024-10-07 22:00:00,6.894150417827297,13.022284122562677
1728342000000,1.533,1.85,1.5,1.642,2321875.68,1728345599999,3825517.43513000,33248,1159777.76000000,1914962.79227000,0,2024-10-07 23:00:00,7.110241356816699,20.678408349641238
1728360000000,1.537,1.634,1.497,1.614,683209.54,1728363599999,1070315.94465000,9883,388505.69000000,609704.00650000,0,2024-10-08 04:00:00,5.009759271307755,6.310995445673388
1728396000000,1.379,1.523,1.358,1.473,483373.96,1728399599999,703598.42088000,9588,282326.71000000,410200.61711000,0,2024-10-08 14:00:00,6.816533720087026,10.442349528643938
1728399600000,1.476,1.848,1.425,1.8,1579305.16,1728403199999,2589469.10552000,27678,910130.59000000,1496455.03018000,0,2024-10-08 15:00:00,21.951219512195127,25.203252032520336
1728403200000,1.799,2.08,1.64,1.691,5536887.33,1728406799999,10542032.19574000,97646,2764507.79000000,5282850.69212000,0,2024-10-08 16:00:00,-6.0033351862145565,15.619788771539753
1728460800000,1.459,1.573,1.447,1.569,895843.21,1728464399999,1366449.15872000,11610,521066.80000000,796795.35190000,0,2024-10-09 08:00:00,7.539410555174768,7.813570938999306
1728464400000,1.568,1.824,1.56,1.673,2835336.47,1728467999999,4882286.96407000,44078,1449798.59000000,2494492.83677000,0,2024-10-09 09:00:00,6.696428571428569,16.3265306122449
1728543600000,1.56,1.7,1.542,1.638,509777.64,1728547199999,833607.06513000,9004,277450.66000000,454281.31437000,0,2024-10-10 07:00:00,4.99999999999999,8.974358974358967
1728547200000,1.64,1.819,1.64,1.726,1763787.39,1728550799999,3041611.19645000,27840,887001.81000000,1532718.18140000,0,2024-10-10 08:00:00,5.243902439024395,10.914634146341468
1728828000000,1.6,1.76,1.591,1.682,1105201.41,1728831599999,1876234.11520000,15946,615598.37000000,1044629.37883000,0,2024-10-13 14:00:00,5.124999999999991,9.999999999999995
1730116800000,1.33,1.687,1.33,1.652,3332740.06,1730120399999,5146620.27194000,44603,1882497.68000000,2889192.77238000,0,2024-10-28 12:00:00,24.21052631578946,26.84210526315789
1730131200000,1.538,2.049,1.536,1.826,5121773.23,1730134799999,9572585.41607000,95819,2800878.05000000,5225975.46173000,0,2024-10-28 16:00:00,18.725617685305593,33.22496749024707
1730476800000,1.555,1.735,1.552,1.625,1651963.72,1730480399999,2734770.49570000,23729,906358.22000000,1500643.12589000,0,2024-11-01 16:00:00,4.5016077170418045,11.57556270096464
1733644800000,1.793,1.902,1.786,1.888,804464.9,1733648399999,1497756.37904000,10542,471512.10000000,878001.12107000,0,2024-12-08 08:00:00,5.298382598996095,6.0791968767428886
1734696000000,1.216,1.288,1.212,1.279,130290.28,1734699599999,162974.20082000,1645,65138.16000000,81411.61190000,0,2024-12-20 12:00:00,5.180921052631574,5.921052631578952
1738558800000,0.827,0.883,0.825,0.883,89081.29,1738562399999,76096.45013000,1002,56943.96000000,48626.35837000,0,2025-02-03 05:00:00,6.7714631197098,6.7714631197098
1738699200000,0.949,1.024,0.937,1.016,655486.81,1738702799999,651505.38814000,4493,333372.46000000,331564.81069000,0,2025-02-04 20:00:00,7.060063224446793,7.903055848261335
1738778400000,0.971,1.076,0.971,1.037,706661.64,1738781999999,729190.30370000,5268,441538.68000000,455287.55917000,0,2025-02-05 18:00:00,6.797116374871262,10.813594232749752
1739541600000,1.104,1.209,1.104,1.156,1371998.96,1739545199999,1607070.71171000,10104,725056.94000000,848475.58088000,0,2025-02-14 14:00:00,4.7101449275362155,9.510869565217389
1740906000000,1.048,1.138,1.028,1.033,1847983.5,1740909599999,2003871.10550000,14421,983394.98000000,1069229.86513000,0,2025-03-02 09:00:00,-1.4312977099236759,8.587786259541971
1741460400000,0.944,1.037,0.941,0.954,963390.97,1741463999999,952041.74148000,6915,549272.06000000,543802.45684000,0,2025-03-08 19:00:00,1.059322033898306,9.851694915254235
1741723200000,0.865,0.909,0.861,0.909,123537.66,1741726799999,109048.07666000,679,94251.56000000,83381.13165000,0,2025-03-11 20:00:00,5.086705202312143,5.086705202312143
1743886800000,0.753,0.902,0.751,0.874,1067103.14,1743890399999,895469.22427000,7139,635981.66000000,528064.57680000,0,2025-04-05 21:00:00,16.06905710491368,19.787516600265604
1744189200000,0.709,0.782,0.706,0.72,987056.89,1744192799999,741391.14323000,7334,598400.28000000,449750.95365000,0,2025-04-09 09:00:00,1.5514809590973215,10.296191819464044
1746514800000,0.78,1.368,0.78,1.094,3603311.58,1746518399999,4110195.19272000,32444,1926410.42000000,2175348.62501000,0,2025-05-06 07:00:00,40.25641025641026,75.3846153846154
1746522000000,1.112,1.234,1.063,1.17,3796501.73,1746525599999,4371525.15606000,27485,1922002.69000000,2212479.54968000,0,2025-05-06 09:00:00,5.215827338129481,10.971223021582723
1746532800000,1.104,1.265,1.088,1.185,3555940.71,1746536399999,4244566.93123000,20525,1748806.48000000,2085665.47188000,0,2025-05-06 12:00:00,7.336956521739127,14.583333333333314
1746676800000,0.937,1.022,0.931,0.961,633904.66,1746680399999,616153.25730000,6646,377548.19000000,366445.08063000,0,2025-05-08 04:00:00,2.5613660618996703,9.071504802561362
1746943200000,1.188,1.308,1.181,1.289,962928.41,1746946799999,1188605.14488000,9695,588050.31000000,726811.72501000,0,2025-05-11 06:00:00,8.5016835016835,10.101010101010111
1746946800000,1.288,1.444,1.273,1.401,2501986.93,1746950399999,3465096.23785000,27069,1363600.24000000,1888942.86621000,0,2025-05-11 07:00:00,8.773291925465838,12.111801242236018
1747101600000,1.104,1.19,1.06,1.173,665166.37,1747105199999,752396.78428000,4932,336014.28000000,381127.59275000,0,2025-05-13 02:00:00,6.249999999999996,7.789855072463754
1751875200000,0.703,0.745,0.697,0.739,379324.93,1751878799999,274147.33496000,2286,247958.65000000,179283.14889000,0,2025-07-07 08:00:00,5.120910384068283,5.974395448079664
1751878800000,0.736,1.118,0.73,0.997,9836092.47,1751882399999,8967355.22127000,55820,5214564.13000000,4756108.14851000,0,2025-07-07 09:00:00,35.46195652173913,51.90217391304349
1751896800000,0.832,0.9,0.828,0.854,1684155.37,1751900399999,1445459.70533000,10231,820111.79000000,705253.91653000,0,2025-07-07 14:00:00,2.644230769230772,8.17307692307693
1751958000000,0.822,1.002,0.819,0.935,5008627.08,1751961599999,4665055.67320000,24402,2696237.86000000,2506743.37464000,0,2025-07-08 07:00:00,13.7469586374696,21.89781021897811
1751961600000,0.936,1.027,0.923,0.966,3847850.75,1751965199999,3804722.17241000,18097,1939960.15000000,1921166.63259000,0,2025-07-08 08:00:00,3.205128205128196,9.722222222222207
1752033600000,0.808,0.894,0.808,0.877,1530594.8,1752037199999,1310419.88268000,8591,806447.98000000,689498.72958000,0,2025-07-09 04:00:00,8.539603960396033,10.64356435643564
1753354800000,0.86,0.905,0.859,0.903,312706.32,1753358399999,278710.21813000,2578,207860.95000000,185148.47324000,0,2025-07-24 11:00:00,5.000000000000004,5.232558139534889
1753646400000,1.044,1.136,1.027,1.028,2057718.89,1753649999999,2220262.72015000,14548,1048092.75000000,1132781.46652000,0,2025-07-27 20:00:00,-1.5325670498084305,8.812260536398453
1754697600000,1.143,1.263,1.132,1.16,1336028.02,1754701199999,1590811.16373000,9179,687585.40000000,820013.64435000,0,2025-08-09 00:00:00,1.4873140857392741,10.498687664041984
1754715600000,1.135,1.318,1.133,1.297,1427289.94,1754719199999,1795284.98422000,13062,851233.99000000,1066980.07665000,0,2025-08-09 05:00:00,14.273127753303957,16.12334801762115
1754719200000,1.297,1.422,1.271,1.378,1287104.49,1754722799999,1732128.81216000,12103,711550.33000000,961153.22575000,0,2025-08-09 06:00:00,6.245181187355433,9.63762528912876
1754730000000,1.285,1.399,1.253,1.373,1187828.32,1754733599999,1599226.13247000,9815,687236.31000000,925487.52887000,0,2025-08-09 09:00:00,6.84824902723736,8.871595330739309
1754744400000,1.34,1.451,1.328,1.436,1541067.9,1754747999999,2158719.87267000,14070,886980.47000000,1241538.86744000,0,2025-08-09 13:00:00,7.1641791044776015,8.283582089552237
1754748000000,1.437,1.623,1.413,1.594,2675028.2,1754751599999,4052127.67852000,23174,1506835.09000000,2283407.31708000,0,2025-08-09 14:00:00,10.925539318023663,12.943632567849683
1754920800000,1.367,1.533,1.367,1.478,823446.17,1754924399999,1203807.82936000,8214,470475.07000000,685590.95601000,0,2025-08-11 14:00:00,8.119970738844183,12.143379663496704
1754964000000,1.466,1.552,1.458,1.54,347446.67,1754967599999,527453.09415000,4029,199678.46000000,303135.43596000,0,2025-08-12 02:00:00,5.047748976807644,5.866302864938614
1754978400000,1.552,1.641,1.545,1.638,888857.08,1754981999999,1418760.68116000,12046,495089.03000000,791472.42849000,0,2025-08-12 06:00:00,5.541237113402053,5.734536082474224
1755054000000,1.184,1.248,1.181,1.247,839148.32,1755057599999,1013902.91740000,4960,500351.03000000,604911.80699000,0,2025-08-13 03:00:00,5.320945945945961,5.405405405405411
1755072000000,1.205,1.423,1.193,1.285,5165107.38,1755075599999,6599768.65703000,45737,2382645.73000000,3060237.50589000,0,2025-08-13 08:00:00,6.63900414937758,18.091286307053938
1755075600000,1.285,1.41,1.279,1.365,4648901.22,1755079199999,6233173.11309000,56404,2186008.41000000,2936820.46245000,0,2025-08-13 09:00:00,6.2256809338521455,9.72762645914397
1755248400000,1.384,1.534,1.379,1.507,1676438.07,1755251999999,2453417.87450000,13769,956733.93000000,1400258.08513000,0,2025-08-15 09:00:00,8.88728323699422,10.838150289017351
1755273600000,1.437,1.687,1.411,1.656,2181084.26,1755277199999,3452610.16620000,20450,1272664.03000000,2016716.92993000,0,2025-08-15 16:00:00,15.240083507306878,17.3973556019485
1755277200000,1.655,2.062,1.638,2.0,7160505.79,1755280799999,13729105.50282000,74093,4010146.16000000,7685966.20023000,0,2025-08-15 17:00:00,20.845921450151057,24.59214501510573
1755280800000,2.001,2.193,1.982,2.157,3417678.69,1755284399999,7134481.45868000,38850,1782720.24000000,3724083.40809000,0,2025-08-15 18:00:00,7.796101949025494,9.595202398800609
1755295200000,2.074,2.246,2.04,2.159,1515014.2,1755298799999,3231711.20882000,26944,819088.88000000,1748457.15208000,0,2025-08-15 22:00:00,4.098360655737703,8.29315332690454
1755331200000,2.046,2.241,2.033,2.115,1728310.8,1755334799999,3672714.72114000,29856,914106.60000000,1942647.75720000,0,2025-08-16 08:00:00,3.372434017595328,9.53079178885632
1755388800000,2.218,2.413,2.205,2.282,1503260.38,1755392399999,3452236.52647000,20866,912593.14000000,2099337.90574000,0,2025-08-17 00:00:00,2.8854824165915267,8.791704238052292
1755439200000,2.313,2.57,2.307,2.497,1598100.5,1755442799999,3942775.99608000,34790,921257.92000000,2273946.39977000,0,2025-08-17 14:00:00,7.955036748811055,11.111111111111097
1758902400000,2.192,3.059,2.192,2.916,2650568.95,1758905999999,7200819.45572000,131865,1315817.47000000,3555032.81023000,0,2025-09-26 16:00:00,33.02919708029196,39.552919708029194
1758906000000,2.917,3.3,2.865,3.072,2105743.78,1758909599999,6483325.00485600,115698,1105299.02000000,3408410.36425600,0,2025-09-26 17:00:00,5.313678436750094,13.129928008227632
1758909600000,3.07,4.055,3.053,3.838,3011148.56,1758913199999,11178538.02559300,174543,1530090.09000000,5679929.26400300,0,2025-09-26 18:00:00,25.016286644951148,32.08469055374593
1758920400000,3.848,4.448,3.832,4.34,1504879.27,1758923999999,6242739.03885100,41027,832386.91000000,3455104.72178100,0,2025-09-26 21:00:00,12.785862785862786,15.592515592515607
1758924000000,4.346,4.807,4.249,4.491,1531655.84,1758927599999,6978390.46221300,43060,790483.21000000,3603552.22688300,0,2025-09-26 22:00:00,3.3364012885411776,10.607455131155092
1758931200000,4.678,5.14,4.528,5.003,1682805.35,1758934799999,8148943.59267000,47674,879512.76000000,4265102.74581000,0,2025-09-27 00:00:00,6.947413424540406,9.876015391192812
1758934800000,5.004,5.599,4.69,5.117,2131097.79,1758938399999,10950694.45782500,54035,1015116.04000000,5214494.66806500,0,2025-09-27 01:00:00,2.2581934452438137,11.890487609912084
1758945600000,5.217,5.756,5.108,5.667,1102824.08,1758949199999,5832589.46230400,28553,589929.75000000,3125139.92891400,0,2025-09-27 04:00:00,8.625646923519268,10.331608203948642
1758978000000,4.745,5.303,4.523,5.054,1298152.35,1758981599999,6364571.01184000,41696,695266.72000000,3416580.68974000,0,2025-09-27 13:00:00,6.512118018967337,11.759747102212852
1758981600000,5.052,5.635,5.014,5.332,1636304.24,1758985199999,8745544.57750000,63227,830417.26000000,4441394.05017000,0,2025-09-27 14:00:00,5.542359461599372,11.539984164687258
1758988800000,4.436,4.799,4.328,4.469,1515211.97,1758992399999,6879701.01536000,41636,769910.73000000,3495375.64298000,0,2025-09-27 16:00:00,0.7439134355275104,8.183047790802535
1758996000000,4.59,5.497,4.484,5.369,1745045.68,1758999599999,8554846.91524000,49511,925916.69000000,4547316.42337000,0,2025-09-27 18:00:00,16.971677559912855,19.760348583877995
1759003200000,5.374,6.031,5.368,5.84,1373939.06,1759006799999,8011863.92673000,41253,738403.68000000,4302769.04838000,0,2025-09-27 20:00:00,8.671380721994794,12.225530331224416
1759010400000,5.93,6.73,5.406,6.383,1549042.99,1759013999999,9233254.70862500,93441,810689.88000000,4848587.98774500,0,2025-09-27 22:00:00,7.639123102866785,13.490725126475562
1759114800000,6.153,7.021,6.142,6.942,815516.67,1759118399999,5438777.24139400,71660,423791.15000000,2822828.71009400,0,2025-09-29 03:00:00,12.823013164310105,14.106939704209335
1759132800000,5.613,6.171,5.561,6.051,1084141.76,1759136399999,6409520.66829000,73034,565746.53000000,3345708.45978000,0,2025-09-29 08:00:00,7.803313735970063,9.94120791020844
1759165200000,5.946,6.526,5.933,6.469,854829.85,1759168799999,5358989.07977000,64246,494565.72000000,3101657.86928000,0,2025-09-29 17:00:00,8.795829128826112,9.75445677766566
1759233600000,6.702,7.557,6.514,6.759,627322.03,1759237199999,4309551.44462200,56830,339275.61000000,2324835.52349200,0,2025-09-30 12:00:00,0.85049239033125,12.757385854968673
1759237200000,6.763,7.306,6.696,7.119,683482.76,1759240799999,4779261.79110000,81327,385352.64000000,2694537.48332000,0,2025-09-30 13:00:00,5.263936123022325,8.028981221351474
1759248000000,7.109,9.9,6.461,7.986,3190975.27,1759251599999,24715640.89699000,268681,1716878.87000000,13365840.89366000,0,2025-09-30 16:00:00,12.336474890983258,39.2600928400619
1759251600000,7.985,15.35,7.519,8.65,8859494.94,1759255199999,94240565.48090200,963959,4525113.70000000,48207476.91708200,0,2025-09-30 17:00:00,8.328115216030056,92.23544145272385
1759266000000,6.988,8.005,6.825,7.335,1175012.02,1759269599999,8775382.01462000,57500,542158.33000000,4055115.02349000,0,2025-09-30 21:00:00,4.965655409273032,14.553520320549518
1759291200000,1.703,1.909,1.302,1.757,15749929.13,1759294799999,25418040.46725000,441126,7776835.44000000,12610639.42444000,0,2025-10-01 04:00:00,3.170874926600107,12.096300645918964
1759294800000,1.758,1.893,1.619,1.858,3876662.23,1759298399999,6743484.73214000,100435,2079073.44000000,3622199.73884000,0,2025-10-01 05:00:00,5.688282138794089,7.679180887372014
1759312800000,1.755,2.288,1.73,1.949,7320362.81,1759316399999,14406621.89683000,188805,3639631.49000000,7181038.70578000,0,2025-10-01 10:00:00,11.054131054131066,30.37037037037037
1759323600000,2.011,2.235,1.961,2.079,3656970.69,1759327199999,7663986.36627000,98498,1692145.75000000,3543730.21383000,0,2025-10-01 13:00:00,3.3814022874191974,11.138736946792628
1759726800000,1.412,1.528,1.388,1.516,2047847.56,1759730399999,2988796.26314000,33335,1115185.10000000,1628414.10643000,0,2025-10-06 05:00:00,7.365439093484426,8.215297450424936
1759730400000,1.516,1.639,1.502,1.627,4396875.95,1759733999999,6886212.25968000,70927,2233506.36000000,3503636.91274000,0,2025-10-06 06:00:00,7.321899736147756,8.113456464379947
1759734000000,1.627,1.938,1.622,1.833,9516892.8,1759737599999,16999110.32966000,185261,5047930.88000000,9014341.52347000,0,2025-10-06 07:00:00,12.661339889366928,19.11493546404425
1759737600000,1.833,2.042,1.75,1.81,8672167.24,1759741199999,16293953.71985000,188215,4399078.31000000,8270674.06789000,0,2025-10-06 08:00:00,-1.2547735951991223,11.402073104200756
1759759200000,1.609,1.747,1.609,1.693,4738105.73,1759762799999,8003794.08771000,46554,2547355.66000000,4303005.23758000,0,2025-10-06 14:00:00,5.220633934120576,8.576755748912374
1760130000000,1.08,1.19,0.251,0.819,5384781.1,1760133599999,4229612.68867000,56248,2772003.71000000,2201674.74641000,0,2025-10-10 21:00:00,-24.166666666666675,10.185185185185173
1760133600000,0.821,0.934,0.766,0.898,3029742.64,1760137199999,2568981.15081000,47469,1680526.52000000,1427710.98514000,0,2025-10-10 22:00:00,9.37880633373935,13.763702801461644
1760137200000,0.897,1.012,0.882,0.928,1561982.41,1760140799999,1471039.99702000,25206,808779.23000000,760515.15523000,0,2025-10-10 23:00:00,3.455964325529546,12.82051282051282
1760148000000,0.961,1.056,0.959,1.038,661937.43,1760151599999,677074.76649000,15021,333212.47000000,340885.89523000,0,2025-10-11 02:00:00,8.012486992715928,9.885535900104067
1760277600000,0.91,0.986,0.908,0.974,1421926.52,1760281199999,1353852.10362000,11934,794538.34000000,755773.26644000,0,2025-10-12 14:00:00,7.0329670329670275,8.351648351648347
1760425200000,0.939,1.08,0.935,1.076,1836242.81,1760428799999,1839691.67620000,14387,968307.29000000,968463.75718000,0,2025-10-14 07:00:00,14.58998935037275,15.015974440894583
1760446800000,0.97,1.035,0.967,1.022,827236.14,1760450399999,830192.85347000,8722,487718.46000000,488972.42040000,0,2025-10-14 13:00:00,5.360824742268046,6.7010309278350455
1762272000000,0.683,0.838,0.662,0.786,3968385.33,1762275599999,3030306.87184000,24763,2169083.34000000,1657782.70799000,0,2025-11-04 16:00:00,15.080527086383597,22.6939970717423
1762275600000,0.786,0.85,0.741,0.79,3571381.37,1762279199999,2858133.37424000,28825,1793722.55000000,1439003.33722000,0,2025-11-04 17:00:00,0.5089058524173032,8.142493638676838
1762538400000,0.719,0.792,0.694,0.73,2610004.37,1762541999999,1928760.20882000,27305,1413815.50000000,1045585.88038000,0,2025-11-07 18:00:00,1.5299026425591113,10.152990264255921
1762794000000,0.72,0.772,0.719,0.771,1505566.98,1762797599999,1136557.75690000,12536,925532.00000000,699371.27966000,0,2025-11-10 17:00:00,7.08333333333334,7.2222222222222285
1762840800000,0.734,0.827,0.732,0.813,2448819.39,1762844399999,1898771.20988000,25232,1455444.68000000,1128562.86677000,0,2025-11-11 06:00:00,10.762942779291548,12.670299727520431
1766311200000,0.566,0.61,0.555,0.597,1489465.42,1766314799999,867643.50105000,6091,860550.47000000,501517.81664000,0,2025-12-21 10:00:00,5.4770318021201465,7.773851590106015
1766314800000,0.597,0.679,0.594,0.661,4083881.24,1766318399999,2574141.06306000,18529,2247609.69000000,1417420.02636000,0,2025-12-21 11:00:00,10.720268006700177,13.735343383584603
1766325600000,0.611,0.66,0.601,0.65,1750977.01,1766329199999,1112195.91589000,7344,942120.23000000,599658.17389000,0,2025-12-21 14:00:00,6.382978723404261,8.01963993453356
1766379600000,0.604,0.667,0.601,0.657,1362361.57,1766383199999,869614.53019000,4936,673762.05000000,428729.80637000,0,2025-12-22 05:00:00,8.774834437086101,10.430463576158951
1766487600000,0.615,0.657,0.615,0.646,1172698.38,1766491199999,751100.29969000,10336,719210.67000000,461377.78166000,0,2025-12-23 11:00:00,5.040650406504069,6.829268292682933
1771236000000,0.455,0.504,0.454,0.491,2102899.93,1771239599999,1009808.13069000,16217,1378872.22000000,660921.12235000,0,2026-02-16 10:00:00,7.912087912087906,10.769230769230766
1772128800000,0.414,0.477,0.412,0.446,1374545.6,1772132399999,609838.59412000,9445,835555.84000000,371007.63483000,0,2026-02-26 18:00:00,7.729468599033823,15.217391304347828
1773309600000,0.445,0.514,0.439,0.498,3240842.48,1773313199999,1587148.67926000,23589,1803647.27000000,884208.21584000,0,2026-03-12 10:00:00,11.91011235955056,15.505617977528091
